Timestamp,Heater,Max Power,PWM Cycle Time,ch1,ch2,ch3,ch4,ch5,ch6,ch7,ch8,ch9,ch10,ch11,ch12,ch13,ch14,ch15,ch16
2024-10-13 19:57:04, , , ,81.1000,1984.0000,1984.0000,1984.0000,1984.0000,1984.0000,1984.0000,1984.0000,1984.0000,1984.0000,1984.0000,1984.0000,1984.0000,1984.0000,1984.0000
2024-10-13 19:57:05, , , ,81.1000,1984.0000,1984.0000,1984.0000,1984.0000,1984.0000,1984.0000,1984.0000,1984.0000,1984.0000,1984.0000,1984.0000,1984.0000,1984.0000,1984.0000
2024-10-13 19:57:05, , , ,81.1000,1984.0000,1984.0000,1984.0000,1984.0000,1984.0000,1984.0000,1984.0000,1984.0000,1984.0000,1984.0000,1984.0000,1984.0000,1984.0000,1984.0000
2024-10-13 19:57:06, , , ,81.1000,1984.0000,1984.0000,1984.0000,1984.0000,1984.0000,1984.0000,1984.0000,1984.0000,1984.0000,1984.0000,1984.0000,1984.0000,1984.0000,1984.0000
2024-10-13 19:57:07, , , ,81.0000,1984.0000,1984.0000,1984.0000,1984.0000,1984.0000,1984.0000,1984.0000,1984.0000,1984.0000,1984.0000,1984.0000,1984.0000,1984.0000,1984.0000
2024-10-13 19:57:08, , , ,80.8000,1984.0000,1984.0000,1984.0000,1984.0000,1984.0000,1984.0000,1984.0000,1984.0000,1984.0000,1984.0000,1984.0000,1984.0000,1984.0000,1984.0000
2024-10-13 19:57:09, , , ,80.8000,1984.0000,1984.0000,1984.0000,1984.0000,1984.0000,1984.0000,1984.0000,1984.0000,1984.0000,1984.0000,1984.0000,1984.0000,1984.0000,1984.0000
2024-10-13 19:57:09, , , ,80.8000,1984.0000,1984.0000,1984.0000,1984.0000,1984.0000,1984.0000,1984.0000,1984.0000,1984.0000,1984.0000,1984.0000,1984.0000,1984.0000,1984.0000
2024-10-13 19:57:10, , , ,80.8000,1984.0000,1984.0000,1984.0000,1984.0000,1984.0000,1984.0000,1984.0000,1984.0000,1984.0000,1984.0000,1984.0000,1984.0000,1984.0000,1984.0000
2024-10-13 19:57:11, , , ,80.7000,1984.0000,1984.0000,1984.0000,1984.0000,1984.0000,1984.0000,1984.0000,1984.0000,1984.0000,1984.0000,1984.0000,1984.0000,1984.0000,1984.0000
2024-10-13 19:57:11, , , ,80.5000,1984.0000,1984.0000,1984.0000,1984.0000,1984.0000,1984.0000,1984.0000,1984.0000,1984.0000,1984.0000,1984.0000,1984.0000,1984.0000,1984.0000
2024-10-13 19:57:11, , , ,80.5000,1984.0000,1984.0000,1984.0000,1984.0000,1984.0000,1984.0000,1984.0000,1984.0000,1984.0000,1984.0000,1984.0000,1984.0000,1984.0000,1984.0000
2024-10-13 19:57:11, , , ,80.5000,1984.0000,1984.0000,1984.0000,1984.0000,1984.0000,1984.0000,1984.0000,1984.0000,1984.0000,1984.0000,1984.0000,1984.0000,1984.0000,1984.0000
2024-10-13 19:57:11, , , ,80.5000,1984.0000,1984.0000,1984.0000,1984.0000,1984.0000,1984.0000,1984.0000,1984.0000,1984.0000,1984.0000,1984.0000,1984.0000,1984.0000,1984.0000
2024-10-13 19:57:12, , , ,80.5000,1984.0000,1984.0000,1984.0000,1984.0000,1984.0000,1984.0000,1984.0000,1984.0000,1984.0000,1984.0000,1984.0000,1984.0000,1984.0000,1984.0000
2024-10-13 19:57:12, , , ,80.5000,1984.0000,1984.0000,1984.0000,1984.0000,1984.0000,1984.0000,1984.0000,1984.0000,1984.0000,1984.0000,1984.0000,1984.0000,1984.0000,1984.0000
2024-10-13 19:57:12, , , ,80.5000,1984.0000,1984.0000,1984.0000,1984.0000,1984.0000,1984.0000,1984.0000,1984.0000,1984.0000,1984.0000,1984.0000,1984.0000,1984.0000,1984.0000
2024-10-13 19:57:12, , , ,80.5000,1984.0000,1984.0000,1984.0000,1984.0000,1984.0000,1984.0000,1984.0000,1984.0000,1984.0000,1984.0000,1984.0000,1984.0000,1984.0000,1984.0000
2024-10-13 19:57:12, , , ,80.5000,1984.0000,1984.0000,1984.0000,1984.0000,1984.0000,1984.0000,1984.0000,1984.0000,1984.0000,1984.0000,1984.0000,1984.0000,1984.0000,1984.0000
2024-10-13 19:57:12, , , ,80.5000,1984.0000,1984.0000,1984.0000,1984.0000,1984.0000,1984.0000,1984.0000,1984.0000,1984.0000,1984.0000,1984.0000,1984.0000,1984.0000,1984.0000
2024-10-13 19:57:13, , , ,80.5000,1984.0000,1984.0000,1984.0000,1984.0000,1984.0000,1984.0000,1984.0000,1984.0000,1984.0000,1984.0000,1984.0000,1984.0000,1984.0000,1984.0000
2024-10-13 19:57:13, , , ,80.4000,1984.0000,1984.0000,1984.0000,1984.0000,1984.0000,1984.0000,1984.0000,1984.0000,1984.0000,1984.0000,1984.0000,1984.0000,1984.0000,1984.0000
2024-10-13 19:57:13, , , ,80.4000,1984.0000,1984.0000,1984.0000,1984.0000,1984.0000,1984.0000,1984.0000,1984.0000,1984.0000,1984.0000,1984.0000,1984.0000,1984.0000,1984.0000
2024-10-13 19:57:13, , , ,80.3000,1984.0000,1984.0000,1984.0000,1984.0000,1984.0000,1984.0000,1984.0000,1984.0000,1984.0000,1984.0000,1984.0000,1984.0000,1984.0000,1984.0000
2024-10-13 19:57:13, , , ,80.2000,1984.0000,1984.0000,1984.0000,1984.0000,1984.0000,1984.0000,1984.0000,1984.0000,1984.0000,1984.0000,1984.0000,1984.0000,1984.0000,1984.0000
2024-10-13 19:57:13, , , ,80.2000,1984.0000,1984.0000,1984.0000,1984.0000,1984.0000,1984.0000,1984.0000,1984.0000,1984.0000,1984.0000,1984.0000,1984.0000,1984.0000,1984.0000
2024-10-13 19:57:14, , , ,80.2000,1984.0000,1984.0000,1984.0000,1984.0000,1984.0000,1984.0000,1984.0000,1984.0000,1984.0000,1984.0000,1984.0000,1984.0000,1984.0000,1984.0000
2024-10-13 19:57:14, , , ,80.2000,1984.0000,1984.0000,1984.0000,1984.0000,1984.0000,1984.0000,1984.0000,1984.0000,1984.0000,1984.0000,1984.0000,1984.0000,1984.0000,1984.0000
2024-10-13 19:57:14, , , ,80.2000,1984.0000,1984.0000,1984.0000,1984.0000,1984.0000,1984.0000,1984.0000,1984.0000,1984.0000,1984.0000,1984.0000,1984.0000,1984.0000,1984.0000
2024-10-13 19:57:14, , , ,80.2000,1984.0000,1984.0000,1984.0000,1984.0000,1984.0000,1984.0000,1984.0000,1984.0000,1984.0000,1984.0000,1984.0000,1984.0000,1984.0000,1984.0000
2024-10-13 19:57:14, , , ,80.2000,1984.0000,1984.0000,1984.0000,1984.0000,1984.0000,1984.0000,1984.0000,1984.0000,1984.0000,1984.0000,1984.0000,1984.0000,1984.0000,1984.0000
2024-10-13 19:57:14, , , ,80.1000,1984.0000,1984.0000,1984.0000,1984.0000,1984.0000,1984.0000,1984.0000,1984.0000,1984.0000,1984.0000,1984.0000,1984.0000,1984.0000,1984.0000
2024-10-13 19:57:14, , , ,80.1000,1984.0000,1984.0000,1984.0000,1984.0000,1984.0000,1984.0000,1984.0000,1984.0000,1984.0000,1984.0000,1984.0000,1984.0000,1984.0000,1984.0000
2024-10-13 19:57:15, , , ,80.1000,1984.0000,1984.0000,1984.0000,1984.0000,1984.0000,1984.0000,1984.0000,1984.0000,1984.0000,1984.0000,1984.0000,1984.0000,1984.0000,1984.0000
2024-10-13 19:57:15, , , ,80.1000,1984.0000,1984.0000,1984.0000,1984.0000,1984.0000,1984.0000,1984.0000,1984.0000,1984.0000,1984.0000,1984.0000,1984.0000,1984.0000,1984.0000
2024-10-13 19:57:15, , , ,80.0000,1984.0000,1984.0000,1984.0000,1984.0000,1984.0000,1984.0000,1984.0000,1984.0000,1984.0000,1984.0000,1984.0000,1984.0000,1984.0000,1984.0000
2024-10-13 19:57:15, , , ,80.0000,1984.0000,1984.0000,1984.0000,1984.0000,1984.0000,1984.0000,1984.0000,1984.0000,1984.0000,1984.0000,1984.0000,1984.0000,1984.0000,1984.0000
2024-10-13 19:57:15, , , ,80.0000,1984.0000,1984.0000,1984.0000,1984.0000,1984.0000,1984.0000,1984.0000,1984.0000,1984.0000,1984.0000,1984.0000,1984.0000,1984.0000,1984.0000
2024-10-13 19:57:15, , , ,79.9000,1984.0000,1984.0000,1984.0000,1984.0000,1984.0000,1984.0000,1984.0000,1984.0000,1984.0000,1984.0000,1984.0000,1984.0000,1984.0000,1984.0000
2024-10-13 19:57:16, , , ,79.9000,1984.0000,1984.0000,1984.0000,1984.0000,1984.0000,1984.0000,1984.0000,1984.0000,1984.0000,1984.0000,1984.0000,1984.0000,1984.0000,1984.0000
2024-10-13 19:57:16, , , ,79.9000,1984.0000,1984.0000,1984.0000,1984.0000,1984.0000,1984.0000,1984.0000,1984.0000,1984.0000,1984.0000,1984.0000,1984.0000,1984.0000,1984.0000
2024-10-13 19:57:16, , , ,79.9000,1984.0000,1984.0000,1984.0000,1984.0000,1984.0000,1984.0000,1984.0000,1984.0000,1984.0000,1984.0000,1984.0000,1984.0000,1984.0000,1984.0000
2024-10-13 19:57:16, , , ,79.9000,1984.0000,1984.0000,1984.0000,1984.0000,1984.0000,1984.0000,1984.0000,1984.0000,1984.0000,1984.0000,1984.0000,1984.0000,1984.0000,1984.0000
2024-10-13 19:57:16, , , ,79.9000,1984.0000,1984.0000,1984.0000,1984.0000,1984.0000,1984.0000,1984.0000,1984.0000,1984.0000,1984.0000,1984.0000,1984.0000,1984.0000,1984.0000
2024-10-13 19:57:16, , , ,79.9000,1984.0000,1984.0000,1984.0000,1984.0000,1984.0000,1984.0000,1984.0000,1984.0000,1984.0000,1984.0000,1984.0000,1984.0000,1984.0000,1984.0000
2024-10-13 19:57:17, , , ,80.0000,1984.0000,1984.0000,1984.0000,1984.0000,1984.0000,1984.0000,1984.0000,1984.0000,1984.0000,1984.0000,1984.0000,1984.0000,1984.0000,1984.0000
2024-10-13 19:57:17, , , ,80.1000,1984.0000,1984.0000,1984.0000,1984.0000,1984.0000,1984.0000,1984.0000,1984.0000,1984.0000,1984.0000,1984.0000,1984.0000,1984.0000,1984.0000
2024-10-13 19:57:17, , , ,80.1000,1984.0000,1984.0000,1984.0000,1984.0000,1984.0000,1984.0000,1984.0000,1984.0000,1984.0000,1984.0000,1984.0000,1984.0000,1984.0000,1984.0000
2024-10-13 19:57:17, , , ,80.1000,1984.0000,1984.0000,1984.0000,1984.0000,1984.0000,1984.0000,1984.0000,1984.0000,1984.0000,1984.0000,1984.0000,1984.0000,1984.0000,1984.0000
2024-10-13 19:57:17, , , ,80.1000,1984.0000,1984.0000,1984.0000,1984.0000,1984.0000,1984.0000,1984.0000,1984.0000,1984.0000,1984.0000,1984.0000,1984.0000,1984.0000,1984.0000
2024-10-13 19:57:17, , , ,80.1000,1984.0000,1984.0000,1984.0000,1984.0000,1984.0000,1984.0000,1984.0000,1984.0000,1984.0000,1984.0000,1984.0000,1984.0000,1984.0000,1984.0000
2024-10-13 19:57:17, , , ,80.1000,1984.0000,1984.0000,1984.0000,1984.0000,1984.0000,1984.0000,1984.0000,1984.0000,1984.0000,1984.0000,1984.0000,1984.0000,1984.0000,1984.0000
2024-10-13 19:57:18, , , ,80.1000,1984.0000,1984.0000,1984.0000,1984.0000,1984.0000,1984.0000,1984.0000,1984.0000,1984.0000,1984.0000,1984.0000,1984.0000,1984.0000,1984.0000
2024-10-13 19:57:18, , , ,80.1000,1984.0000,1984.0000,1984.0000,1984.0000,1984.0000,1984.0000,1984.0000,1984.0000,1984.0000,1984.0000,1984.0000,1984.0000,1984.0000,1984.0000
2024-10-13 19:57:18, , , ,80.1000,1984.0000,1984.0000,1984.0000,1984.0000,1984.0000,1984.0000,1984.0000,1984.0000,1984.0000,1984.0000,1984.0000,1984.0000,1984.0000,1984.0000
2024-10-13 19:57:18, , , ,80.1000,1984.0000,1984.0000,1984.0000,1984.0000,1984.0000,1984.0000,1984.0000,1984.0000,1984.0000,1984.0000,1984.0000,1984.0000,1984.0000,1984.0000
2024-10-13 19:57:18, , , ,80.1000,1984.0000,1984.0000,1984.0000,1984.0000,1984.0000,1984.0000,1984.0000,1984.0000,1984.0000,1984.0000,1984.0000,1984.0000,1984.0000,1984.0000
2024-10-13 19:57:18, , , ,80.1000,1984.0000,1984.0000,1984.0000,1984.0000,1984.0000,1984.0000,1984.0000,1984.0000,1984.0000,1984.0000,1984.0000,1984.0000,1984.0000,1984.0000
2024-10-13 19:57:19, , , ,80.0000,1984.0000,1984.0000,1984.0000,1984.0000,1984.0000,1984.0000,1984.0000,1984.0000,1984.0000,1984.0000,1984.0000,1984.0000,1984.0000,1984.0000
2024-10-13 19:57:19, , , ,80.0000,1984.0000,1984.0000,1984.0000,1984.0000,1984.0000,1984.0000,1984.0000,1984.0000,1984.0000,1984.0000,1984.0000,1984.0000,1984.0000,1984.0000
2024-10-13 19:57:19, , , ,79.9000,1984.0000,1984.0000,1984.0000,1984.0000,1984.0000,1984.0000,1984.0000,1984.0000,1984.0000,1984.0000,1984.0000,1984.0000,1984.0000,1984.0000
2024-10-13 19:57:19, , , ,79.9000,1984.0000,1984.0000,1984.0000,1984.0000,1984.0000,1984.0000,1984.0000,1984.0000,1984.0000,1984.0000,1984.0000,1984.0000,1984.0000,1984.0000
2024-10-13 19:57:19, , , ,79.9000,1984.0000,1984.0000,1984.0000,1984.0000,1984.0000,1984.0000,1984.0000,1984.0000,1984.0000,1984.0000,1984.0000,1984.0000,1984.0000,1984.0000
2024-10-13 19:57:19, , , ,79.9000,1984.0000,1984.0000,1984.0000,1984.0000,1984.0000,1984.0000,1984.0000,1984.0000,1984.0000,1984.0000,1984.0000,1984.0000,1984.0000,1984.0000
2024-10-13 19:57:20, , , ,79.9000,1984.0000,1984.0000,1984.0000,1984.0000,1984.0000,1984.0000,1984.0000,1984.0000,1984.0000,1984.0000,1984.0000,1984.0000,1984.0000,1984.0000
2024-10-13 19:57:20, , , ,79.9000,1984.0000,1984.0000,1984.0000,1984.0000,1984.0000,1984.0000,1984.0000,1984.0000,1984.0000,1984.0000,1984.0000,1984.0000,1984.0000,1984.0000
2024-10-13 19:57:20, , , ,79.9000,1984.0000,1984.0000,1984.0000,1984.0000,1984.0000,1984.0000,1984.0000,1984.0000,1984.0000,1984.0000,1984.0000,1984.0000,1984.0000,1984.0000
2024-10-13 19:57:20, , , ,79.9000,1984.0000,1984.0000,1984.0000,1984.0000,1984.0000,1984.0000,1984.0000,1984.0000,1984.0000,1984.0000,1984.0000,1984.0000,1984.0000,1984.0000
2024-10-13 19:57:20, , , ,79.8000,1984.0000,1984.0000,1984.0000,1984.0000,1984.0000,1984.0000,1984.0000,1984.0000,1984.0000,1984.0000,1984.0000,1984.0000,1984.0000,1984.0000
2024-10-13 19:57:20, , , ,79.8000,1984.0000,1984.0000,1984.0000,1984.0000,1984.0000,1984.0000,1984.0000,1984.0000,1984.0000,1984.0000,1984.0000,1984.0000,1984.0000,1984.0000
2024-10-13 19:57:21, , , ,79.8000,1984.0000,1984.0000,1984.0000,1984.0000,1984.0000,1984.0000,1984.0000,1984.0000,1984.0000,1984.0000,1984.0000,1984.0000,1984.0000,1984.0000
2024-10-13 19:57:21, , , ,79.8000,1984.0000,1984.0000,1984.0000,1984.0000,1984.0000,1984.0000,1984.0000,1984.0000,1984.0000,1984.0000,1984.0000,1984.0000,1984.0000,1984.0000
2024-10-13 19:57:21, , , ,79.6000,1984.0000,1984.0000,1984.0000,1984.0000,1984.0000,1984.0000,1984.0000,1984.0000,1984.0000,1984.0000,1984.0000,1984.0000,1984.0000,1984.0000
2024-10-13 19:57:21, , , ,79.6000,1984.0000,1984.0000,1984.0000,1984.0000,1984.0000,1984.0000,1984.0000,1984.0000,1984.0000,1984.0000,1984.0000,1984.0000,1984.0000,1984.0000
2024-10-13 19:57:21, , , ,79.6000,1984.0000,1984.0000,1984.0000,1984.0000,1984.0000,1984.0000,1984.0000,1984.0000,1984.0000,1984.0000,1984.0000,1984.0000,1984.0000,1984.0000
2024-10-13 19:57:21, , , ,79.5000,1984.0000,1984.0000,1984.0000,1984.0000,1984.0000,1984.0000,1984.0000,1984.0000,1984.0000,1984.0000,1984.0000,1984.0000,1984.0000,1984.0000
2024-10-13 19:57:22, , , ,79.5000,1984.0000,1984.0000,1984.0000,1984.0000,1984.0000,1984.0000,1984.0000,1984.0000,1984.0000,1984.0000,1984.0000,1984.0000,1984.0000,1984.0000
2024-10-13 19:57:22, , , ,79.5000,1984.0000,1984.0000,1984.0000,1984.0000,1984.0000,1984.0000,1984.0000,1984.0000,1984.0000,1984.0000,1984.0000,1984.0000,1984.0000,1984.0000
2024-10-13 19:57:22, , , ,79.5000,1984.0000,1984.0000,1984.0000,1984.0000,1984.0000,1984.0000,1984.0000,1984.0000,1984.0000,1984.0000,1984.0000,1984.0000,1984.0000,1984.0000
2024-10-13 19:57:22, , , ,79.5000,1984.0000,1984.0000,1984.0000,1984.0000,1984.0000,1984.0000,1984.0000,1984.0000,1984.0000,1984.0000,1984.0000,1984.0000,1984.0000,1984.0000
2024-10-13 19:57:22, , , ,79.5000,1984.0000,1984.0000,1984.0000,1984.0000,1984.0000,1984.0000,1984.0000,1984.0000,1984.0000,1984.0000,1984.0000,1984.0000,1984.0000,1984.0000
2024-10-13 19:57:22, , , ,79.5000,1984.0000,1984.0000,1984.0000,1984.0000,1984.0000,1984.0000,1984.0000,1984.0000,1984.0000,1984.0000,1984.0000,1984.0000,1984.0000,1984.0000
2024-10-13 19:57:23, , , ,79.5000,1984.0000,1984.0000,1984.0000,1984.0000,1984.0000,1984.0000,1984.0000,1984.0000,1984.0000,1984.0000,1984.0000,1984.0000,1984.0000,1984.0000
2024-10-13 19:57:23, , , ,79.5000,1984.0000,1984.0000,1984.0000,1984.0000,1984.0000,1984.0000,1984.0000,1984.0000,1984.0000,1984.0000,1984.0000,1984.0000,1984.0000,1984.0000
2024-10-13 19:57:23, , , ,79.5000,1984.0000,1984.0000,1984.0000,1984.0000,1984.0000,1984.0000,1984.0000,1984.0000,1984.0000,1984.0000,1984.0000,1984.0000,1984.0000,1984.0000
2024-10-13 19:57:23, , , ,79.5000,1984.0000,1984.0000,1984.0000,1984.0000,1984.0000,1984.0000,1984.0000,1984.0000,1984.0000,1984.0000,1984.0000,1984.0000,1984.0000,1984.0000
2024-10-13 19:57:23, , , ,79.5000,1984.0000,1984.0000,1984.0000,1984.0000,1984.0000,1984.0000,1984.0000,1984.0000,1984.0000,1984.0000,1984.0000,1984.0000,1984.0000,1984.0000
2024-10-13 19:57:23, , , ,79.5000,1984.0000,1984.0000,1984.0000,1984.0000,1984.0000,1984.0000,1984.0000,1984.0000,1984.0000,1984.0000,1984.0000,1984.0000,1984.0000,1984.0000
2024-10-13 19:57:24, , , ,79.5000,1984.0000,1984.0000,1984.0000,1984.0000,1984.0000,1984.0000,1984.0000,1984.0000,1984.0000,1984.0000,1984.0000,1984.0000,1984.0000,1984.0000
2024-10-13 19:57:24, , , ,79.5000,1984.0000,1984.0000,1984.0000,1984.0000,1984.0000,1984.0000,1984.0000,1984.0000,1984.0000,1984.0000,1984.0000,1984.0000,1984.0000,1984.0000
2024-10-13 19:57:24, , , ,79.5000,1984.0000,1984.0000,1984.0000,1984.0000,1984.0000,1984.0000,1984.0000,1984.0000,1984.0000,1984.0000,1984.0000,1984.0000,1984.0000,1984.0000
2024-10-13 19:57:24, , , ,79.4000,1984.0000,1984.0000,1984.0000,1984.0000,1984.0000,1984.0000,1984.0000,1984.0000,1984.0000,1984.0000,1984.0000,1984.0000,1984.0000,1984.0000
2024-10-13 19:57:24, , , ,79.4000,1984.0000,1984.0000,1984.0000,1984.0000,1984.0000,1984.0000,1984.0000,1984.0000,1984.0000,1984.0000,1984.0000,1984.0000,1984.0000,1984.0000
2024-10-13 19:57:24, , , ,79.4000,1984.0000,1984.0000,1984.0000,1984.0000,1984.0000,1984.0000,1984.0000,1984.0000,1984.0000,1984.0000,1984.0000,1984.0000,1984.0000,1984.0000
2024-10-13 19:57:25, , , ,79.2000,1984.0000,1984.0000,1984.0000,1984.0000,1984.0000,1984.0000,1984.0000,1984.0000,1984.0000,1984.0000,1984.0000,1984.0000,1984.0000,1984.0000
2024-10-13 19:57:25, , , ,79.2000,1984.0000,1984.0000,1984.0000,1984.0000,1984.0000,1984.0000,1984.0000,1984.0000,1984.0000,1984.0000,1984.0000,1984.0000,1984.0000,1984.0000
2024-10-13 19:57:25, , , ,79.2000,1984.0000,1984.0000,1984.0000,1984.0000,1984.0000,1984.0000,1984.0000,1984.0000,1984.0000,1984.0000,1984.0000,1984.0000,1984.0000,1984.0000
2024-10-13 19:57:25, , , ,79.2000,1984.0000,1984.0000,1984.0000,1984.0000,1984.0000,1984.0000,1984.0000,1984.0000,1984.0000,1984.0000,1984.0000,1984.0000,1984.0000,1984.0000
2024-10-13 19:57:25, , , ,79.2000,1984.0000,1984.0000,1984.0000,1984.0000,1984.0000,1984.0000,1984.0000,1984.0000,1984.0000,1984.0000,1984.0000,1984.0000,1984.0000,1984.0000
2024-10-13 19:57:25, , , ,79.2000,1984.0000,1984.0000,1984.0000,1984.0000,1984.0000,1984.0000,1984.0000,1984.0000,1984.0000,1984.0000,1984.0000,1984.0000,1984.0000,1984.0000
2024-10-13 19:57:26, , , ,79.2000,1984.0000,1984.0000,1984.0000,1984.0000,1984.0000,1984.0000,1984.0000,1984.0000,1984.0000,1984.0000,1984.0000,1984.0000,1984.0000,1984.0000
2024-10-13 19:57:26, , , ,79.2000,1984.0000,1984.0000,1984.0000,1984.0000,1984.0000,1984.0000,1984.0000,1984.0000,1984.0000,1984.0000,1984.0000,1984.0000,1984.0000,1984.0000
2024-10-13 19:57:26, , , ,79.2000,1984.0000,1984.0000,1984.0000,1984.0000,1984.0000,1984.0000,1984.0000,1984.0000,1984.0000,1984.0000,1984.0000,1984.0000,1984.0000,1984.0000
2024-10-13 19:57:26, , , ,79.2000,1984.0000,1984.0000,1984.0000,1984.0000,1984.0000,1984.0000,1984.0000,1984.0000,1984.0000,1984.0000,1984.0000,1984.0000,1984.0000,1984.0000
2024-10-13 19:57:26, , , ,79.2000,1984.0000,1984.0000,1984.0000,1984.0000,1984.0000,1984.0000,1984.0000,1984.0000,1984.0000,1984.0000,1984.0000,1984.0000,1984.0000,1984.0000
2024-10-13 19:57:26, , , ,79.2000,1984.0000,1984.0000,1984.0000,1984.0000,1984.0000,1984.0000,1984.0000,1984.0000,1984.0000,1984.0000,1984.0000,1984.0000,1984.0000,1984.0000
2024-10-13 19:57:27, , , ,79.2000,1984.0000,1984.0000,1984.0000,1984.0000,1984.0000,1984.0000,1984.0000,1984.0000,1984.0000,1984.0000,1984.0000,1984.0000,1984.0000,1984.0000
2024-10-13 19:57:27, , , ,79.2000,1984.0000,1984.0000,1984.0000,1984.0000,1984.0000,1984.0000,1984.0000,1984.0000,1984.0000,1984.0000,1984.0000,1984.0000,1984.0000,1984.0000
2024-10-13 19:57:27, , , ,79.2000,1984.0000,1984.0000,1984.0000,1984.0000,1984.0000,1984.0000,1984.0000,1984.0000,1984.0000,1984.0000,1984.0000,1984.0000,1984.0000,1984.0000
2024-10-13 19:57:27, , , ,79.2000,1984.0000,1984.0000,1984.0000,1984.0000,1984.0000,1984.0000,1984.0000,1984.0000,1984.0000,1984.0000,1984.0000,1984.0000,1984.0000,1984.0000
2024-10-13 19:57:27, , , ,79.2000,1984.0000,1984.0000,1984.0000,1984.0000,1984.0000,1984.0000,1984.0000,1984.0000,1984.0000,1984.0000,1984.0000,1984.0000,1984.0000,1984.0000
2024-10-13 19:57:27, , , ,79.2000,1984.0000,1984.0000,1984.0000,1984.0000,1984.0000,1984.0000,1984.0000,1984.0000,1984.0000,1984.0000,1984.0000,1984.0000,1984.0000,1984.0000
2024-10-13 19:57:28, , , ,79.2000,1984.0000,1984.0000,1984.0000,1984.0000,1984.0000,1984.0000,1984.0000,1984.0000,1984.0000,1984.0000,1984.0000,1984.0000,1984.0000,1984.0000
2024-10-13 19:57:28, , , ,79.2000,1984.0000,1984.0000,1984.0000,1984.0000,1984.0000,1984.0000,1984.0000,1984.0000,1984.0000,1984.0000,1984.0000,1984.0000,1984.0000,1984.0000
2024-10-13 19:57:28, , , ,79.2000,1984.0000,1984.0000,1984.0000,1984.0000,1984.0000,1984.0000,1984.0000,1984.0000,1984.0000,1984.0000,1984.0000,1984.0000,1984.0000,1984.0000
2024-10-13 19:57:28, , , ,79.2000,1984.0000,1984.0000,1984.0000,1984.0000,1984.0000,1984.0000,1984.0000,1984.0000,1984.0000,1984.0000,1984.0000,1984.0000,1984.0000,1984.0000
2024-10-13 19:57:28, , , ,79.2000,1984.0000,1984.0000,1984.0000,1984.0000,1984.0000,1984.0000,1984.0000,1984.0000,1984.0000,1984.0000,1984.0000,1984.0000,1984.0000,1984.0000
2024-10-13 19:57:28, , , ,79.2000,1984.0000,1984.0000,1984.0000,1984.0000,1984.0000,1984.0000,1984.0000,1984.0000,1984.0000,1984.0000,1984.0000,1984.0000,1984.0000,1984.0000
2024-10-13 19:57:29, , , ,79.2000,1984.0000,1984.0000,1984.0000,1984.0000,1984.0000,1984.0000,1984.0000,1984.0000,1984.0000,1984.0000,1984.0000,1984.0000,1984.0000,1984.0000
2024-10-13 19:57:29, , , ,79.2000,1984.0000,1984.0000,1984.0000,1984.0000,1984.0000,1984.0000,1984.0000,1984.0000,1984.0000,1984.0000,1984.0000,1984.0000,1984.0000,1984.0000
2024-10-13 19:57:29, , , ,79.1000,1984.0000,1984.0000,1984.0000,1984.0000,1984.0000,1984.0000,1984.0000,1984.0000,1984.0000,1984.0000,1984.0000,1984.0000,1984.0000,1984.0000
2024-10-13 19:57:29, , , ,79.1000,1984.0000,1984.0000,1984.0000,1984.0000,1984.0000,1984.0000,1984.0000,1984.0000,1984.0000,1984.0000,1984.0000,1984.0000,1984.0000,1984.0000
2024-10-13 19:57:29, , , ,79.1000,1984.0000,1984.0000,1984.0000,1984.0000,1984.0000,1984.0000,1984.0000,1984.0000,1984.0000,1984.0000,1984.0000,1984.0000,1984.0000,1984.0000
2024-10-13 19:57:29, , , ,79.1000,1984.0000,1984.0000,1984.0000,1984.0000,1984.0000,1984.0000,1984.0000,1984.0000,1984.0000,1984.0000,1984.0000,1984.0000,1984.0000,1984.0000
2024-10-13 19:57:30, , , ,79.1000,1984.0000,1984.0000,1984.0000,1984.0000,1984.0000,1984.0000,1984.0000,1984.0000,1984.0000,1984.0000,1984.0000,1984.0000,1984.0000,1984.0000
2024-10-13 19:57:30, , , ,79.1000,1984.0000,1984.0000,1984.0000,1984.0000,1984.0000,1984.0000,1984.0000,1984.0000,1984.0000,1984.0000,1984.0000,1984.0000,1984.0000,1984.0000
2024-10-13 19:57:30, , , ,79.1000,1984.0000,1984.0000,1984.0000,1984.0000,1984.0000,1984.0000,1984.0000,1984.0000,1984.0000,1984.0000,1984.0000,1984.0000,1984.0000,1984.0000
2024-10-13 19:57:30, , , ,79.1000,1984.0000,1984.0000,1984.0000,1984.0000,1984.0000,1984.0000,1984.0000,1984.0000,1984.0000,1984.0000,1984.0000,1984.0000,1984.0000,1984.0000
2024-10-13 19:57:30, , , ,79.1000,1984.0000,1984.0000,1984.0000,1984.0000,1984.0000,1984.0000,1984.0000,1984.0000,1984.0000,1984.0000,1984.0000,1984.0000,1984.0000,1984.0000
2024-10-13 19:57:30, , , ,79.1000,1984.0000,1984.0000,1984.0000,1984.0000,1984.0000,1984.0000,1984.0000,1984.0000,1984.0000,1984.0000,1984.0000,1984.0000,1984.0000,1984.0000
2024-10-13 19:57:31, , , ,79.1000,1984.0000,1984.0000,1984.0000,1984.0000,1984.0000,1984.0000,1984.0000,1984.0000,1984.0000,1984.0000,1984.0000,1984.0000,1984.0000,1984.0000
2024-10-13 19:57:31, , , ,79.1000,1984.0000,1984.0000,1984.0000,1984.0000,1984.0000,1984.0000,1984.0000,1984.0000,1984.0000,1984.0000,1984.0000,1984.0000,1984.0000,1984.0000
2024-10-13 19:57:31, , , ,79.1000,1984.0000,1984.0000,1984.0000,1984.0000,1984.0000,1984.0000,1984.0000,1984.0000,1984.0000,1984.0000,1984.0000,1984.0000,1984.0000,1984.0000
2024-10-13 19:57:31, , , ,79.1000,1984.0000,1984.0000,1984.0000,1984.0000,1984.0000,1984.0000,1984.0000,1984.0000,1984.0000,1984.0000,1984.0000,1984.0000,1984.0000,1984.0000
2024-10-13 19:57:31, , , ,79.1000,1984.0000,1984.0000,1984.0000,1984.0000,1984.0000,1984.0000,1984.0000,1984.0000,1984.0000,1984.0000,1984.0000,1984.0000,1984.0000,1984.0000
2024-10-13 19:57:31, , , ,79.1000,1984.0000,1984.0000,1984.0000,1984.0000,1984.0000,1984.0000,1984.0000,1984.0000,1984.0000,1984.0000,1984.0000,1984.0000,1984.0000,1984.0000
2024-10-13 19:57:32, , , ,79.1000,1984.0000,1984.0000,1984.0000,1984.0000,1984.0000,1984.0000,1984.0000,1984.0000,1984.0000,1984.0000,1984.0000,1984.0000,1984.0000,1984.0000
2024-10-13 19:57:32, , , ,79.1000,1984.0000,1984.0000,1984.0000,1984.0000,1984.0000,1984.0000,1984.0000,1984.0000,1984.0000,1984.0000,1984.0000,1984.0000,1984.0000,1984.0000
2024-10-13 19:57:32, , , ,79.1000,1984.0000,1984.0000,1984.0000,1984.0000,1984.0000,1984.0000,1984.0000,1984.0000,1984.0000,1984.0000,1984.0000,1984.0000,1984.0000,1984.0000
2024-10-13 19:57:32, , , ,79.1000,1984.0000,1984.0000,1984.0000,1984.0000,1984.0000,1984.0000,1984.0000,1984.0000,1984.0000,1984.0000,1984.0000,1984.0000,1984.0000,1984.0000
2024-10-13 19:57:32, , , ,79.1000,1984.0000,1984.0000,1984.0000,1984.0000,1984.0000,1984.0000,1984.0000,1984.0000,1984.0000,1984.0000,1984.0000,1984.0000,1984.0000,1984.0000
2024-10-13 19:57:32, , , ,79.0000,1984.0000,1984.0000,1984.0000,1984.0000,1984.0000,1984.0000,1984.0000,1984.0000,1984.0000,1984.0000,1984.0000,1984.0000,1984.0000,1984.0000
2024-10-13 19:57:33, , , ,79.0000,1984.0000,1984.0000,1984.0000,1984.0000,1984.0000,1984.0000,1984.0000,1984.0000,1984.0000,1984.0000,1984.0000,1984.0000,1984.0000,1984.0000
2024-10-13 19:57:33, , , ,79.0000,1984.0000,1984.0000,1984.0000,1984.0000,1984.0000,1984.0000,1984.0000,1984.0000,1984.0000,1984.0000,1984.0000,1984.0000,1984.0000,1984.0000
2024-10-13 19:57:33, , , ,79.0000,1984.0000,1984.0000,1984.0000,1984.0000,1984.0000,1984.0000,1984.0000,1984.0000,1984.0000,1984.0000,1984.0000,1984.0000,1984.0000,1984.0000
2024-10-13 19:57:33, , , ,78.9000,1984.0000,1984.0000,1984.0000,1984.0000,1984.0000,1984.0000,1984.0000,1984.0000,1984.0000,1984.0000,1984.0000,1984.0000,1984.0000,1984.0000
2024-10-13 19:57:33, , , ,78.9000,1984.0000,1984.0000,1984.0000,1984.0000,1984.0000,1984.0000,1984.0000,1984.0000,1984.0000,1984.0000,1984.0000,1984.0000,1984.0000,1984.0000
2024-10-13 19:57:33, , , ,78.9000,1984.0000,1984.0000,1984.0000,1984.0000,1984.0000,1984.0000,1984.0000,1984.0000,1984.0000,1984.0000,1984.0000,1984.0000,1984.0000,1984.0000
2024-10-13 19:57:34, , , ,78.9000,1984.0000,1984.0000,1984.0000,1984.0000,1984.0000,1984.0000,1984.0000,1984.0000,1984.0000,1984.0000,1984.0000,1984.0000,1984.0000,1984.0000
2024-10-13 19:57:34, , , ,78.9000,1984.0000,1984.0000,1984.0000,1984.0000,1984.0000,1984.0000,1984.0000,1984.0000,1984.0000,1984.0000,1984.0000,1984.0000,1984.0000,1984.0000
2024-10-13 19:57:34, , , ,78.9000,1984.0000,1984.0000,1984.0000,1984.0000,1984.0000,1984.0000,1984.0000,1984.0000,1984.0000,1984.0000,1984.0000,1984.0000,1984.0000,1984.0000
2024-10-13 19:57:34, , , ,78.9000,1984.0000,1984.0000,1984.0000,1984.0000,1984.0000,1984.0000,1984.0000,1984.0000,1984.0000,1984.0000,1984.0000,1984.0000,1984.0000,1984.0000
2024-10-13 19:57:34, , , ,78.9000,1984.0000,1984.0000,1984.0000,1984.0000,1984.0000,1984.0000,1984.0000,1984.0000,1984.0000,1984.0000,1984.0000,1984.0000,1984.0000,1984.0000
2024-10-13 19:57:34, , , ,78.9000,1984.0000,1984.0000,1984.0000,1984.0000,1984.0000,1984.0000,1984.0000,1984.0000,1984.0000,1984.0000,1984.0000,1984.0000,1984.0000,1984.0000
2024-10-13 19:57:35, , , ,78.9000,1984.0000,1984.0000,1984.0000,1984.0000,1984.0000,1984.0000,1984.0000,1984.0000,1984.0000,1984.0000,1984.0000,1984.0000,1984.0000,1984.0000
2024-10-13 19:57:35, , , ,78.9000,1984.0000,1984.0000,1984.0000,1984.0000,1984.0000,1984.0000,1984.0000,1984.0000,1984.0000,1984.0000,1984.0000,1984.0000,1984.0000,1984.0000
2024-10-13 19:57:35, , , ,78.9000,1984.0000,1984.0000,1984.0000,1984.0000,1984.0000,1984.0000,1984.0000,1984.0000,1984.0000,1984.0000,1984.0000,1984.0000,1984.0000,1984.0000
2024-10-13 19:57:35, , , ,78.9000,1984.0000,1984.0000,1984.0000,1984.0000,1984.0000,1984.0000,1984.0000,1984.0000,1984.0000,1984.0000,1984.0000,1984.0000,1984.0000,1984.0000
2024-10-13 19:57:35, , , ,78.9000,1984.0000,1984.0000,1984.0000,1984.0000,1984.0000,1984.0000,1984.0000,1984.0000,1984.0000,1984.0000,1984.0000,1984.0000,1984.0000,1984.0000
2024-10-13 19:57:35, , , ,78.9000,1984.0000,1984.0000,1984.0000,1984.0000,1984.0000,1984.0000,1984.0000,1984.0000,1984.0000,1984.0000,1984.0000,1984.0000,1984.0000,1984.0000
2024-10-13 19:57:36, , , ,78.9000,1984.0000,1984.0000,1984.0000,1984.0000,1984.0000,1984.0000,1984.0000,1984.0000,1984.0000,1984.0000,1984.0000,1984.0000,1984.0000,1984.0000
2024-10-13 19:57:36, , , ,78.9000,1984.0000,1984.0000,1984.0000,1984.0000,1984.0000,1984.0000,1984.0000,1984.0000,1984.0000,1984.0000,1984.0000,1984.0000,1984.0000,1984.0000
2024-10-13 19:57:36, , , ,78.9000,1984.0000,1984.0000,1984.0000,1984.0000,1984.0000,1984.0000,1984.0000,1984.0000,1984.0000,1984.0000,1984.0000,1984.0000,1984.0000,1984.0000
2024-10-13 19:57:36, , , ,78.9000,1984.0000,1984.0000,1984.0000,1984.0000,1984.0000,1984.0000,1984.0000,1984.0000,1984.0000,1984.0000,1984.0000,1984.0000,1984.0000,1984.0000
2024-10-13 19:57:36, , , ,78.9000,1984.0000,1984.0000,1984.0000,1984.0000,1984.0000,1984.0000,1984.0000,1984.0000,1984.0000,1984.0000,1984.0000,1984.0000,1984.0000,1984.0000
2024-10-13 19:57:36, , , ,78.9000,1984.0000,1984.0000,1984.0000,1984.0000,1984.0000,1984.0000,1984.0000,1984.0000,1984.0000,1984.0000,1984.0000,1984.0000,1984.0000,1984.0000
2024-10-13 19:57:37, , , ,78.9000,1984.0000,1984.0000,1984.0000,1984.0000,1984.0000,1984.0000,1984.0000,1984.0000,1984.0000,1984.0000,1984.0000,1984.0000,1984.0000,1984.0000
2024-10-13 19:57:37, , , ,78.9000,1984.0000,1984.0000,1984.0000,1984.0000,1984.0000,1984.0000,1984.0000,1984.0000,1984.0000,1984.0000,1984.0000,1984.0000,1984.0000,1984.0000
2024-10-13 19:57:37, , , ,78.9000,1984.0000,1984.0000,1984.0000,1984.0000,1984.0000,1984.0000,1984.0000,1984.0000,1984.0000,1984.0000,1984.0000,1984.0000,1984.0000,1984.0000
2024-10-13 19:57:37, , , ,78.9000,1984.0000,1984.0000,1984.0000,1984.0000,1984.0000,1984.0000,1984.0000,1984.0000,1984.0000,1984.0000,1984.0000,1984.0000,1984.0000,1984.0000
2024-10-13 19:57:37, , , ,78.9000,1984.0000,1984.0000,1984.0000,1984.0000,1984.0000,1984.0000,1984.0000,1984.0000,1984.0000,1984.0000,1984.0000,1984.0000,1984.0000,1984.0000
2024-10-13 19:57:37, , , ,78.9000,1984.0000,1984.0000,1984.0000,1984.0000,1984.0000,1984.0000,1984.0000,1984.0000,1984.0000,1984.0000,1984.0000,1984.0000,1984.0000,1984.0000
2024-10-13 19:57:38, , , ,78.8000,1984.0000,1984.0000,1984.0000,1984.0000,1984.0000,1984.0000,1984.0000,1984.0000,1984.0000,1984.0000,1984.0000,1984.0000,1984.0000,1984.0000
2024-10-13 19:57:38, , , ,78.8000,1984.0000,1984.0000,1984.0000,1984.0000,1984.0000,1984.0000,1984.0000,1984.0000,1984.0000,1984.0000,1984.0000,1984.0000,1984.0000,1984.0000
2024-10-13 19:57:38, , , ,78.7000,1984.0000,1984.0000,1984.0000,1984.0000,1984.0000,1984.0000,1984.0000,1984.0000,1984.0000,1984.0000,1984.0000,1984.0000,1984.0000,1984.0000
2024-10-13 19:57:38, , , ,78.7000,1984.0000,1984.0000,1984.0000,1984.0000,1984.0000,1984.0000,1984.0000,1984.0000,1984.0000,1984.0000,1984.0000,1984.0000,1984.0000,1984.0000
2024-10-13 19:57:38, , , ,78.7000,1984.0000,1984.0000,1984.0000,1984.0000,1984.0000,1984.0000,1984.0000,1984.0000,1984.0000,1984.0000,1984.0000,1984.0000,1984.0000,1984.0000
2024-10-13 19:57:38, , , ,78.7000,1984.0000,1984.0000,1984.0000,1984.0000,1984.0000,1984.0000,1984.0000,1984.0000,1984.0000,1984.0000,1984.0000,1984.0000,1984.0000,1984.0000
2024-10-13 19:57:39, , , ,78.6000,1984.0000,1984.0000,1984.0000,1984.0000,1984.0000,1984.0000,1984.0000,1984.0000,1984.0000,1984.0000,1984.0000,1984.0000,1984.0000,1984.0000
2024-10-13 19:57:39, , , ,78.6000,1984.0000,1984.0000,1984.0000,1984.0000,1984.0000,1984.0000,1984.0000,1984.0000,1984.0000,1984.0000,1984.0000,1984.0000,1984.0000,1984.0000
2024-10-13 19:57:39, , , ,78.6000,1984.0000,1984.0000,1984.0000,1984.0000,1984.0000,1984.0000,1984.0000,1984.0000,1984.0000,1984.0000,1984.0000,1984.0000,1984.0000,1984.0000
2024-10-13 19:57:39, , , ,78.6000,1984.0000,1984.0000,1984.0000,1984.0000,1984.0000,1984.0000,1984.0000,1984.0000,1984.0000,1984.0000,1984.0000,1984.0000,1984.0000,1984.0000
2024-10-13 19:57:39, , , ,78.6000,1984.0000,1984.0000,1984.0000,1984.0000,1984.0000,1984.0000,1984.0000,1984.0000,1984.0000,1984.0000,1984.0000,1984.0000,1984.0000,1984.0000
2024-10-13 19:57:39, , , ,78.6000,1984.0000,1984.0000,1984.0000,1984.0000,1984.0000,1984.0000,1984.0000,1984.0000,1984.0000,1984.0000,1984.0000,1984.0000,1984.0000,1984.0000
2024-10-13 19:57:40, , , ,78.5000,1984.0000,1984.0000,1984.0000,1984.0000,1984.0000,1984.0000,1984.0000,1984.0000,1984.0000,1984.0000,1984.0000,1984.0000,1984.0000,1984.0000
2024-10-13 19:57:40, , , ,78.5000,1984.0000,1984.0000,1984.0000,1984.0000,1984.0000,1984.0000,1984.0000,1984.0000,1984.0000,1984.0000,1984.0000,1984.0000,1984.0000,1984.0000
2024-10-13 19:57:40, , , ,78.4000,1984.0000,1984.0000,1984.0000,1984.0000,1984.0000,1984.0000,1984.0000,1984.0000,1984.0000,1984.0000,1984.0000,1984.0000,1984.0000,1984.0000
2024-10-13 19:57:40, , , ,78.4000,1984.0000,1984.0000,1984.0000,1984.0000,1984.0000,1984.0000,1984.0000,1984.0000,1984.0000,1984.0000,1984.0000,1984.0000,1984.0000,1984.0000
2024-10-13 19:57:40, , , ,78.4000,1984.0000,1984.0000,1984.0000,1984.0000,1984.0000,1984.0000,1984.0000,1984.0000,1984.0000,1984.0000,1984.0000,1984.0000,1984.0000,1984.0000
2024-10-13 19:57:40, , , ,78.2000,1984.0000,1984.0000,1984.0000,1984.0000,1984.0000,1984.0000,1984.0000,1984.0000,1984.0000,1984.0000,1984.0000,1984.0000,1984.0000,1984.0000
2024-10-13 19:57:41, , , ,78.2000,1984.0000,1984.0000,1984.0000,1984.0000,1984.0000,1984.0000,1984.0000,1984.0000,1984.0000,1984.0000,1984.0000,1984.0000,1984.0000,1984.0000
2024-10-13 19:57:41, , , ,78.2000,1984.0000,1984.0000,1984.0000,1984.0000,1984.0000,1984.0000,1984.0000,1984.0000,1984.0000,1984.0000,1984.0000,1984.0000,1984.0000,1984.0000
2024-10-13 19:57:41, , , ,78.2000,1984.0000,1984.0000,1984.0000,1984.0000,1984.0000,1984.0000,1984.0000,1984.0000,1984.0000,1984.0000,1984.0000,1984.0000,1984.0000,1984.0000
2024-10-13 19:57:41, , , ,78.2000,1984.0000,1984.0000,1984.0000,1984.0000,1984.0000,1984.0000,1984.0000,1984.0000,1984.0000,1984.0000,1984.0000,1984.0000,1984.0000,1984.0000
2024-10-13 19:57:41, , , ,78.2000,1984.0000,1984.0000,1984.0000,1984.0000,1984.0000,1984.0000,1984.0000,1984.0000,1984.0000,1984.0000,1984.0000,1984.0000,1984.0000,1984.0000
2024-10-13 19:57:41, , , ,78.2000,1984.0000,1984.0000,1984.0000,1984.0000,1984.0000,1984.0000,1984.0000,1984.0000,1984.0000,1984.0000,1984.0000,1984.0000,1984.0000,1984.0000
2024-10-13 19:57:41, , , ,78.2000,1984.0000,1984.0000,1984.0000,1984.0000,1984.0000,1984.0000,1984.0000,1984.0000,1984.0000,1984.0000,1984.0000,1984.0000,1984.0000,1984.0000
2024-10-13 19:57:42, , , ,78.2000,1984.0000,1984.0000,1984.0000,1984.0000,1984.0000,1984.0000,1984.0000,1984.0000,1984.0000,1984.0000,1984.0000,1984.0000,1984.0000,1984.0000
2024-10-13 19:57:42, , , ,78.2000,1984.0000,1984.0000,1984.0000,1984.0000,1984.0000,1984.0000,1984.0000,1984.0000,1984.0000,1984.0000,1984.0000,1984.0000,1984.0000,1984.0000
2024-10-13 19:57:42, , , ,78.2000,1984.0000,1984.0000,1984.0000,1984.0000,1984.0000,1984.0000,1984.0000,1984.0000,1984.0000,1984.0000,1984.0000,1984.0000,1984.0000,1984.0000
2024-10-13 19:57:42, , , ,78.2000,1984.0000,1984.0000,1984.0000,1984.0000,1984.0000,1984.0000,1984.0000,1984.0000,1984.0000,1984.0000,1984.0000,1984.0000,1984.0000,1984.0000
2024-10-13 19:57:42, , , ,78.2000,1984.0000,1984.0000,1984.0000,1984.0000,1984.0000,1984.0000,1984.0000,1984.0000,1984.0000,1984.0000,1984.0000,1984.0000,1984.0000,1984.0000
2024-10-13 19:57:42, , , ,78.2000,1984.0000,1984.0000,1984.0000,1984.0000,1984.0000,1984.0000,1984.0000,1984.0000,1984.0000,1984.0000,1984.0000,1984.0000,1984.0000,1984.0000
2024-10-13 19:57:43, , , ,78.2000,1984.0000,1984.0000,1984.0000,1984.0000,1984.0000,1984.0000,1984.0000,1984.0000,1984.0000,1984.0000,1984.0000,1984.0000,1984.0000,1984.0000
2024-10-13 19:57:43, , , ,78.2000,1984.0000,1984.0000,1984.0000,1984.0000,1984.0000,1984.0000,1984.0000,1984.0000,1984.0000,1984.0000,1984.0000,1984.0000,1984.0000,1984.0000
2024-10-13 19:57:43, , , ,78.2000,1984.0000,1984.0000,1984.0000,1984.0000,1984.0000,1984.0000,1984.0000,1984.0000,1984.0000,1984.0000,1984.0000,1984.0000,1984.0000,1984.0000
2024-10-13 19:57:43, , , ,78.2000,1984.0000,1984.0000,1984.0000,1984.0000,1984.0000,1984.0000,1984.0000,1984.0000,1984.0000,1984.0000,1984.0000,1984.0000,1984.0000,1984.0000
2024-10-13 19:57:43, , , ,78.2000,1984.0000,1984.0000,1984.0000,1984.0000,1984.0000,1984.0000,1984.0000,1984.0000,1984.0000,1984.0000,1984.0000,1984.0000,1984.0000,1984.0000
2024-10-13 19:57:43, , , ,78.2000,1984.0000,1984.0000,1984.0000,1984.0000,1984.0000,1984.0000,1984.0000,1984.0000,1984.0000,1984.0000,1984.0000,1984.0000,1984.0000,1984.0000
2024-10-13 19:57:44, , , ,78.2000,1984.0000,1984.0000,1984.0000,1984.0000,1984.0000,1984.0000,1984.0000,1984.0000,1984.0000,1984.0000,1984.0000,1984.0000,1984.0000,1984.0000
2024-10-13 19:57:44, , , ,78.2000,1984.0000,1984.0000,1984.0000,1984.0000,1984.0000,1984.0000,1984.0000,1984.0000,1984.0000,1984.0000,1984.0000,1984.0000,1984.0000,1984.0000
2024-10-13 19:57:44, , , ,78.2000,1984.0000,1984.0000,1984.0000,1984.0000,1984.0000,1984.0000,1984.0000,1984.0000,1984.0000,1984.0000,1984.0000,1984.0000,1984.0000,1984.0000
2024-10-13 19:57:44, , , ,78.2000,1984.0000,1984.0000,1984.0000,1984.0000,1984.0000,1984.0000,1984.0000,1984.0000,1984.0000,1984.0000,1984.0000,1984.0000,1984.0000,1984.0000
2024-10-13 19:57:44, , , ,78.2000,1984.0000,1984.0000,1984.0000,1984.0000,1984.0000,1984.0000,1984.0000,1984.0000,1984.0000,1984.0000,1984.0000,1984.0000,1984.0000,1984.0000
2024-10-13 19:57:44, , , ,78.2000,1984.0000,1984.0000,1984.0000,1984.0000,1984.0000,1984.0000,1984.0000,1984.0000,1984.0000,1984.0000,1984.0000,1984.0000,1984.0000,1984.0000
2024-10-13 19:57:45, , , ,78.2000,1984.0000,1984.0000,1984.0000,1984.0000,1984.0000,1984.0000,1984.0000,1984.0000,1984.0000,1984.0000,1984.0000,1984.0000,1984.0000,1984.0000
2024-10-13 19:57:45, , , ,78.2000,1984.0000,1984.0000,1984.0000,1984.0000,1984.0000,1984.0000,1984.0000,1984.0000,1984.0000,1984.0000,1984.0000,1984.0000,1984.0000,1984.0000
2024-10-13 19:57:45, , , ,78.2000,1984.0000,1984.0000,1984.0000,1984.0000,1984.0000,1984.0000,1984.0000,1984.0000,1984.0000,1984.0000,1984.0000,1984.0000,1984.0000,1984.0000
2024-10-13 19:57:45, , , ,78.2000,1984.0000,1984.0000,1984.0000,1984.0000,1984.0000,1984.0000,1984.0000,1984.0000,1984.0000,1984.0000,1984.0000,1984.0000,1984.0000,1984.0000
2024-10-13 19:57:45, , , ,78.2000,1984.0000,1984.0000,1984.0000,1984.0000,1984.0000,1984.0000,1984.0000,1984.0000,1984.0000,1984.0000,1984.0000,1984.0000,1984.0000,1984.0000
2024-10-13 19:57:45, , , ,78.2000,1984.0000,1984.0000,1984.0000,1984.0000,1984.0000,1984.0000,1984.0000,1984.0000,1984.0000,1984.0000,1984.0000,1984.0000,1984.0000,1984.0000
2024-10-13 19:57:46, , , ,78.2000,1984.0000,1984.0000,1984.0000,1984.0000,1984.0000,1984.0000,1984.0000,1984.0000,1984.0000,1984.0000,1984.0000,1984.0000,1984.0000,1984.0000
2024-10-13 19:57:46, , , ,78.2000,1984.0000,1984.0000,1984.0000,1984.0000,1984.0000,1984.0000,1984.0000,1984.0000,1984.0000,1984.0000,1984.0000,1984.0000,1984.0000,1984.0000
2024-10-13 19:57:46, , , ,78.1000,1984.0000,1984.0000,1984.0000,1984.0000,1984.0000,1984.0000,1984.0000,1984.0000,1984.0000,1984.0000,1984.0000,1984.0000,1984.0000,1984.0000
2024-10-13 19:57:46, , , ,78.1000,1984.0000,1984.0000,1984.0000,1984.0000,1984.0000,1984.0000,1984.0000,1984.0000,1984.0000,1984.0000,1984.0000,1984.0000,1984.0000,1984.0000
2024-10-13 19:57:46, , , ,78.0000,1984.0000,1984.0000,1984.0000,1984.0000,1984.0000,1984.0000,1984.0000,1984.0000,1984.0000,1984.0000,1984.0000,1984.0000,1984.0000,1984.0000
2024-10-13 19:57:46, , , ,78.0000,1984.0000,1984.0000,1984.0000,1984.0000,1984.0000,1984.0000,1984.0000,1984.0000,1984.0000,1984.0000,1984.0000,1984.0000,1984.0000,1984.0000
2024-10-13 19:57:47, , , ,78.0000,1984.0000,1984.0000,1984.0000,1984.0000,1984.0000,1984.0000,1984.0000,1984.0000,1984.0000,1984.0000,1984.0000,1984.0000,1984.0000,1984.0000
2024-10-13 19:57:47, , , ,78.0000,1984.0000,1984.0000,1984.0000,1984.0000,1984.0000,1984.0000,1984.0000,1984.0000,1984.0000,1984.0000,1984.0000,1984.0000,1984.0000,1984.0000
2024-10-13 19:57:47, , , ,78.0000,1984.0000,1984.0000,1984.0000,1984.0000,1984.0000,1984.0000,1984.0000,1984.0000,1984.0000,1984.0000,1984.0000,1984.0000,1984.0000,1984.0000
2024-10-13 19:57:47, , , ,78.0000,1984.0000,1984.0000,1984.0000,1984.0000,1984.0000,1984.0000,1984.0000,1984.0000,1984.0000,1984.0000,1984.0000,1984.0000,1984.0000,1984.0000
2024-10-13 19:57:47, , , ,78.0000,1984.0000,1984.0000,1984.0000,1984.0000,1984.0000,1984.0000,1984.0000,1984.0000,1984.0000,1984.0000,1984.0000,1984.0000,1984.0000,1984.0000
2024-10-13 19:57:47, , , ,78.0000,1984.0000,1984.0000,1984.0000,1984.0000,1984.0000,1984.0000,1984.0000,1984.0000,1984.0000,1984.0000,1984.0000,1984.0000,1984.0000,1984.0000
2024-10-13 19:57:48, , , ,78.0000,1984.0000,1984.0000,1984.0000,1984.0000,1984.0000,1984.0000,1984.0000,1984.0000,1984.0000,1984.0000,1984.0000,1984.0000,1984.0000,1984.0000
2024-10-13 19:57:48, , , ,78.0000,1984.0000,1984.0000,1984.0000,1984.0000,1984.0000,1984.0000,1984.0000,1984.0000,1984.0000,1984.0000,1984.0000,1984.0000,1984.0000,1984.0000
2024-10-13 19:57:48, , , ,78.0000,1984.0000,1984.0000,1984.0000,1984.0000,1984.0000,1984.0000,1984.0000,1984.0000,1984.0000,1984.0000,1984.0000,1984.0000,1984.0000,1984.0000
2024-10-13 19:57:48, , , ,78.0000,1984.0000,1984.0000,1984.0000,1984.0000,1984.0000,1984.0000,1984.0000,1984.0000,1984.0000,1984.0000,1984.0000,1984.0000,1984.0000,1984.0000
2024-10-13 19:57:48, , , ,78.0000,1984.0000,1984.0000,1984.0000,1984.0000,1984.0000,1984.0000,1984.0000,1984.0000,1984.0000,1984.0000,1984.0000,1984.0000,1984.0000,1984.0000
2024-10-13 19:57:48, , , ,78.0000,1984.0000,1984.0000,1984.0000,1984.0000,1984.0000,1984.0000,1984.0000,1984.0000,1984.0000,1984.0000,1984.0000,1984.0000,1984.0000,1984.0000
2024-10-13 19:57:49, , , ,78.0000,1984.0000,1984.0000,1984.0000,1984.0000,1984.0000,1984.0000,1984.0000,1984.0000,1984.0000,1984.0000,1984.0000,1984.0000,1984.0000,1984.0000
2024-10-13 19:57:49, , , ,78.0000,1984.0000,1984.0000,1984.0000,1984.0000,1984.0000,1984.0000,1984.0000,1984.0000,1984.0000,1984.0000,1984.0000,1984.0000,1984.0000,1984.0000
2024-10-13 19:57:49, , , ,78.0000,1984.0000,1984.0000,1984.0000,1984.0000,1984.0000,1984.0000,1984.0000,1984.0000,1984.0000,1984.0000,1984.0000,1984.0000,1984.0000,1984.0000
2024-10-13 19:57:49, , , ,77.8000,1984.0000,1984.0000,1984.0000,1984.0000,1984.0000,1984.0000,1984.0000,1984.0000,1984.0000,1984.0000,1984.0000,1984.0000,1984.0000,1984.0000
2024-10-13 19:57:49, , , ,77.8000,1984.0000,1984.0000,1984.0000,1984.0000,1984.0000,1984.0000,1984.0000,1984.0000,1984.0000,1984.0000,1984.0000,1984.0000,1984.0000,1984.0000
2024-10-13 19:57:49, , , ,77.8000,1984.0000,1984.0000,1984.0000,1984.0000,1984.0000,1984.0000,1984.0000,1984.0000,1984.0000,1984.0000,1984.0000,1984.0000,1984.0000,1984.0000
2024-10-13 19:57:50, , , ,77.8000,1984.0000,1984.0000,1984.0000,1984.0000,1984.0000,1984.0000,1984.0000,1984.0000,1984.0000,1984.0000,1984.0000,1984.0000,1984.0000,1984.0000
2024-10-13 19:57:50, , , ,77.7000,1984.0000,1984.0000,1984.0000,1984.0000,1984.0000,1984.0000,1984.0000,1984.0000,1984.0000,1984.0000,1984.0000,1984.0000,1984.0000,1984.0000
2024-10-13 19:57:50, , , ,77.7000,1984.0000,1984.0000,1984.0000,1984.0000,1984.0000,1984.0000,1984.0000,1984.0000,1984.0000,1984.0000,1984.0000,1984.0000,1984.0000,1984.0000
2024-10-13 19:57:50, , , ,77.7000,1984.0000,1984.0000,1984.0000,1984.0000,1984.0000,1984.0000,1984.0000,1984.0000,1984.0000,1984.0000,1984.0000,1984.0000,1984.0000,1984.0000
2024-10-13 19:57:50, , , ,77.7000,1984.0000,1984.0000,1984.0000,1984.0000,1984.0000,1984.0000,1984.0000,1984.0000,1984.0000,1984.0000,1984.0000,1984.0000,1984.0000,1984.0000
2024-10-13 19:57:50, , , ,77.7000,1984.0000,1984.0000,1984.0000,1984.0000,1984.0000,1984.0000,1984.0000,1984.0000,1984.0000,1984.0000,1984.0000,1984.0000,1984.0000,1984.0000
2024-10-13 19:57:51, , , ,77.6000,1984.0000,1984.0000,1984.0000,1984.0000,1984.0000,1984.0000,1984.0000,1984.0000,1984.0000,1984.0000,1984.0000,1984.0000,1984.0000,1984.0000
2024-10-13 19:57:51, , , ,77.6000,1984.0000,1984.0000,1984.0000,1984.0000,1984.0000,1984.0000,1984.0000,1984.0000,1984.0000,1984.0000,1984.0000,1984.0000,1984.0000,1984.0000
2024-10-13 19:57:51, , , ,77.6000,1984.0000,1984.0000,1984.0000,1984.0000,1984.0000,1984.0000,1984.0000,1984.0000,1984.0000,1984.0000,1984.0000,1984.0000,1984.0000,1984.0000
2024-10-13 19:57:51, , , ,77.6000,1984.0000,1984.0000,1984.0000,1984.0000,1984.0000,1984.0000,1984.0000,1984.0000,1984.0000,1984.0000,1984.0000,1984.0000,1984.0000,1984.0000
2024-10-13 19:57:51, , , ,77.6000,1984.0000,1984.0000,1984.0000,1984.0000,1984.0000,1984.0000,1984.0000,1984.0000,1984.0000,1984.0000,1984.0000,1984.0000,1984.0000,1984.0000
2024-10-13 19:57:51, , , ,77.6000,1984.0000,1984.0000,1984.0000,1984.0000,1984.0000,1984.0000,1984.0000,1984.0000,1984.0000,1984.0000,1984.0000,1984.0000,1984.0000,1984.0000
2024-10-13 19:57:51, , , ,77.6000,1984.0000,1984.0000,1984.0000,1984.0000,1984.0000,1984.0000,1984.0000,1984.0000,1984.0000,1984.0000,1984.0000,1984.0000,1984.0000,1984.0000
2024-10-13 19:57:52, , , ,77.6000,1984.0000,1984.0000,1984.0000,1984.0000,1984.0000,1984.0000,1984.0000,1984.0000,1984.0000,1984.0000,1984.0000,1984.0000,1984.0000,1984.0000
2024-10-13 19:57:52, , , ,77.6000,1984.0000,1984.0000,1984.0000,1984.0000,1984.0000,1984.0000,1984.0000,1984.0000,1984.0000,1984.0000,1984.0000,1984.0000,1984.0000,1984.0000
2024-10-13 19:57:52, , , ,77.6000,1984.0000,1984.0000,1984.0000,1984.0000,1984.0000,1984.0000,1984.0000,1984.0000,1984.0000,1984.0000,1984.0000,1984.0000,1984.0000,1984.0000
2024-10-13 19:57:52, , , ,77.6000,1984.0000,1984.0000,1984.0000,1984.0000,1984.0000,1984.0000,1984.0000,1984.0000,1984.0000,1984.0000,1984.0000,1984.0000,1984.0000,1984.0000
